{
  "IcoMoonType": "selection",
  "icons": [
    {
      "icon": {
        "paths": [
          "M1024 128v-128l-716.8 102.4v623.104c-15.181-5.515-32.704-8.704-50.972-8.704-0.080 0-0.16 0-0.24 0h-102.388c-84.831 0-153.6 68.769-153.6 153.6s68.769 153.6 153.6 153.6v0h102.4c84.831 0 153.6-68.769 153.6-153.6v0-578.048l512-72.192v403.456c-15.181-5.515-32.704-8.704-50.972-8.704-0.080 0-0.16 0-0.24 0h-102.388c-84.831 0-153.6 68.769-153.6 153.6s68.769 153.6 153.6 153.6h102.4c84.831 0 153.6-68.769 153.6-153.6v0-640.512z"
        ],
        "attrs": [
          {}
        ],
        "isMulticolor": false,
        "isMulticolor2": false,
        "tags": [
          "music-notes"
        ],
        "grid": 20
      },
      "attrs": [
        {}
      ],
      "properties": {
        "order": 1,
        "id": 0,
        "prevSize": 20,
        "name": "music-notes"
      },
      "setIdx": 0,
      "setId": 5,
      "iconIdx": 0
    },
    {
      "icon": {
        "paths": [
          "M810 554h-256v256h-84v-256h-256v-84h256v-256h84v256h256v84z"
        ],
        "attrs": [],
        "isMulticolor": false,
        "isMulticolor2": false,
        "tags": [
          "add"
        ],
        "defaultCode": 57669,
        "grid": 24
      },
      "attrs": [],
      "properties": {
        "ligatures": "add",
        "id": 12,
        "order": 62,
        "prevSize": 24,
        "name": "add"
      },
      "setIdx": 1,
      "setId": 4,
      "iconIdx": 12
    },
    {
      "icon": {
        "paths": [
          "M704 384h234v256h-234l-128-128zM384 704l128-128 128 128v234h-256v-234zM320 384l128 128-128 128h-234v-256h234zM640 320l-128 128-128-128v-234h256v234z"
        ],
        "attrs": [],
        "isMulticolor": false,
        "isMulticolor2": false,
        "tags": [
          "games"
        ],
        "defaultCode": 57377,
        "grid": 24
      },
      "attrs": [],
      "properties": {
        "ligatures": "gamepad, games",
        "id": 353,
        "order": 76,
        "prevSize": 24,
        "name": "games"
      },
      "setIdx": 1,
      "setId": 4,
      "iconIdx": 353
    },
    {
      "icon": {
        "paths": [
          "M512 682c46 0 86 40 86 86s-40 86-86 86-86-40-86-86 40-86 86-86zM512 426c46 0 86 40 86 86s-40 86-86 86-86-40-86-86 40-86 86-86zM512 342c-46 0-86-40-86-86s40-86 86-86 86 40 86 86-40 86-86 86z"
        ],
        "attrs": [],
        "isMulticolor": false,
        "isMulticolor2": false,
        "tags": [
          "more_vert"
        ],
        "defaultCode": 58836,
        "grid": 24
      },
      "attrs": [],
      "properties": {
        "ligatures": "more_vert",
        "id": 502,
        "order": 92,
        "prevSize": 24,
        "name": "more_vert"
      },
      "setIdx": 1,
      "setId": 4,
      "iconIdx": 502
    },
    {
      "icon": {
        "paths": [
          "M86 682v-84h340v84h-340zM768 598h170v84h-170v172h-86v-172h-170v-84h170v-172h86v172zM598 256v86h-512v-86h512zM598 426v86h-512v-86h512z"
        ],
        "attrs": [],
        "isMulticolor": false,
        "isMulticolor2": false,
        "tags": [
          "playlist_add"
        ],
        "defaultCode": 57403,
        "grid": 24
      },
      "attrs": [],
      "properties": {
        "ligatures": "playlist_add",
        "id": 591,
        "order": 59,
        "prevSize": 24,
        "name": "playlist_add"
      },
      "setIdx": 1,
      "setId": 4,
      "iconIdx": 591
    },
    {
      "icon": {
        "paths": [
          "M726 554l212 128-212 128v-256zM86 640v-86h554v86h-554zM810 214v84h-724v-84h724zM810 384v86h-724v-86h724z"
        ],
        "attrs": [],
        "isMulticolor": false,
        "isMulticolor2": false,
        "tags": [
          "playlist_play"
        ],
        "defaultCode": 57439,
        "grid": 24
      },
      "attrs": [],
      "properties": {
        "ligatures": "playlist_play",
        "id": 593,
        "order": 58,
        "prevSize": 24,
        "name": "playlist_play"
      },
      "setIdx": 1,
      "setId": 4,
      "iconIdx": 593
    },
    {
      "icon": {
        "paths": [
          "M682 256h86v512h-86v-512zM256 768v-512l362 256z"
        ],
        "attrs": [],
        "isMulticolor": false,
        "isMulticolor2": false,
        "tags": [
          "skip_next"
        ],
        "defaultCode": 57412,
        "grid": 24
      },
      "attrs": [],
      "properties": {
        "ligatures": "skip_next",
        "id": 697,
        "order": 49,
        "prevSize": 24,
        "name": "skip_next"
      },
      "setIdx": 1,
      "setId": 4,
      "iconIdx": 697
    },
    {
      "icon": {
        "paths": [
          "M406 512l362-256v512zM256 256h86v512h-86v-512z"
        ],
        "attrs": [],
        "isMulticolor": false,
        "isMulticolor2": false,
        "tags": [
          "skip_previous"
        ],
        "defaultCode": 57413,
        "grid": 24
      },
      "attrs": [],
      "properties": {
        "ligatures": "skip_previous",
        "id": 698,
        "order": 50,
        "prevSize": 24,
        "name": "skip_previous"
      },
      "setIdx": 1,
      "setId": 4,
      "iconIdx": 698
    },
    {
      "icon": {
        "paths": [
          "M832 512c36 0 64-28 64-64s-28-64-64-64-64 28-64 64 28 64 64 64zM662 640c36 0 64-28 64-64s-28-64-64-64-64 28-64 64 28 64 64 64zM470 554v-84h-128v-128h-86v128h-128v84h128v128h86v-128h128zM896 256c46 0 86 40 86 86v340c0 46-40 86-86 86h-768c-46 0-86-40-86-86v-340c0-46 40-86 86-86h768z"
        ],
        "attrs": [],
        "isMulticolor": false,
        "isMulticolor2": false,
        "tags": [
          "videogame_asset"
        ],
        "defaultCode": 58168,
        "grid": 24
      },
      "attrs": [],
      "properties": {
        "ligatures": "videogame_asset",
        "id": 799,
        "order": 77,
        "prevSize": 24,
        "name": "videogame_asset"
      },
      "setIdx": 1,
      "setId": 4,
      "iconIdx": 799
    },
    {
      "icon": {
        "paths": [
          "M384 214h512v170h-512v-170zM384 810v-170h512v170h-512zM384 598v-172h512v172h-512zM170 384v-170h172v170h-172zM170 810v-170h172v170h-172zM170 598v-172h172v172h-172z"
        ],
        "attrs": [],
        "isMulticolor": false,
        "isMulticolor2": false,
        "tags": [
          "view_list"
        ],
        "defaultCode": 59631,
        "grid": 24
      },
      "attrs": [],
      "properties": {
        "ligatures": "view_list",
        "id": 808,
        "order": 67,
        "prevSize": 24,
        "name": "view_list"
      },
      "setIdx": 1,
      "setId": 4,
      "iconIdx": 808
    },
    {
      "icon": {
        "paths": [
          "M682 214h214v256h-214v-256zM426 470v-256h214v256h-214zM682 768v-256h214v256h-214zM426 768v-256h214v256h-214zM170 768v-256h214v256h-214zM170 470v-256h214v256h-214z"
        ],
        "attrs": [],
        "isMulticolor": false,
        "isMulticolor2": false,
        "tags": [
          "view_module"
        ],
        "defaultCode": 59632,
        "grid": 24
      },
      "attrs": [],
      "properties": {
        "ligatures": "view_module",
        "id": 809,
        "order": 69,
        "prevSize": 24,
        "name": "view_module"
      },
      "setIdx": 1,
      "setId": 4,
      "iconIdx": 809
    },
    {
      "icon": {
        "paths": [
          "M512 426h-86v86h-42v-86h-86v-42h86v-86h42v86h86v42zM406 598c106 0 192-86 192-192s-86-192-192-192-192 86-192 192 86 192 192 192zM662 598l212 212-64 64-212-212v-34l-12-12c-48 42-112 66-180 66-154 0-278-122-278-276s124-278 278-278 276 124 276 278c0 68-24 132-66 180l12 12h34z"
        ],
        "attrs": [],
        "isMulticolor": false,
        "isMulticolor2": false,
        "tags": [
          "zoom_in"
        ],
        "defaultCode": 59647,
        "grid": 24
      },
      "attrs": [],
      "properties": {
        "ligatures": "zoom_in",
        "id": 842,
        "order": 68,
        "prevSize": 24,
        "name": "zoom_in"
      },
      "setIdx": 1,
      "setId": 4,
      "iconIdx": 842
    },
    {
      "icon": {
        "paths": [
          "M298 384h214v42h-214v-42zM406 598c106 0 192-86 192-192s-86-192-192-192-192 86-192 192 86 192 192 192zM662 598l212 212-64 64-212-212v-34l-12-12c-48 42-112 66-180 66-154 0-278-122-278-276s124-278 278-278 276 124 276 278c0 68-24 132-66 180l12 12h34z"
        ],
        "attrs": [],
        "isMulticolor": false,
        "isMulticolor2": false,
        "tags": [
          "zoom_out"
        ],
        "defaultCode": 59648,
        "grid": 24
      },
      "attrs": [],
      "properties": {
        "ligatures": "zoom_out",
        "id": 843,
        "order": 74,
        "prevSize": 24,
        "name": "zoom_out"
      },
      "setIdx": 1,
      "setId": 4,
      "iconIdx": 843
    },
    {
      "icon": {
        "paths": [
          "M559.429 80.571c14.286-14.286 25.714-9.143 25.714 10.857v841.143c0 20-11.429 25.143-25.714 10.857l-405.714-405.714c-3.429-3.429-5.714-6.857-7.429-10.857v387.429c0 20-16.571 36.571-36.571 36.571h-73.143c-20 0-36.571-16.571-36.571-36.571v-804.571c0-20 16.571-36.571 36.571-36.571h73.143c20 0 36.571 16.571 36.571 36.571v387.429c1.714-4 4-7.429 7.429-10.857z"
        ],
        "width": 585.1428571428571,
        "attrs": [],
        "isMulticolor": false,
        "isMulticolor2": false,
        "tags": [
          "step-backward"
        ],
        "defaultCode": 61512,
        "grid": 14
      },
      "attrs": [],
      "properties": {
        "name": "step-backward",
        "id": 72,
        "order": 51,
        "prevSize": 28
      },
      "setIdx": 2,
      "setId": 3,
      "iconIdx": 72
    },
    {
      "icon": {
        "paths": [
          "M790.857 529.714l-758.857 421.714c-17.714 9.714-32 1.143-32-18.857v-841.143c0-20 14.286-28.571 32-18.857l758.857 421.714c17.714 9.714 17.714 25.714 0 35.429z"
        ],
        "width": 808.5942857142857,
        "attrs": [],
        "isMulticolor": false,
        "isMulticolor2": false,
        "tags": [
          "play"
        ],
        "defaultCode": 61515,
        "grid": 14
      },
      "attrs": [],
      "properties": {
        "name": "play",
        "id": 75,
        "order": 52,
        "prevSize": 28
      },
      "setIdx": 2,
      "setId": 3,
      "iconIdx": 75
    },
    {
      "icon": {
        "paths": [
          "M877.714 109.714v804.571c0 20-16.571 36.571-36.571 36.571h-292.571c-20 0-36.571-16.571-36.571-36.571v-804.571c0-20 16.571-36.571 36.571-36.571h292.571c20 0 36.571 16.571 36.571 36.571zM365.714 109.714v804.571c0 20-16.571 36.571-36.571 36.571h-292.571c-20 0-36.571-16.571-36.571-36.571v-804.571c0-20 16.571-36.571 36.571-36.571h292.571c20 0 36.571 16.571 36.571 36.571z"
        ],
        "width": 877.7142857142857,
        "attrs": [],
        "isMulticolor": false,
        "isMulticolor2": false,
        "tags": [
          "pause"
        ],
        "defaultCode": 61516,
        "grid": 14
      },
      "attrs": [],
      "properties": {
        "name": "pause",
        "id": 76,
        "order": 53,
        "prevSize": 28
      },
      "setIdx": 2,
      "setId": 3,
      "iconIdx": 76
    },
    {
      "icon": {
        "paths": [
          "M25.714 943.429c-14.286 14.286-25.714 9.143-25.714-10.857v-841.143c0-20 11.429-25.143 25.714-10.857l405.714 405.714c3.429 3.429 5.714 6.857 7.429 10.857v-387.429c0-20 16.571-36.571 36.571-36.571h73.143c20 0 36.571 16.571 36.571 36.571v804.571c0 20-16.571 36.571-36.571 36.571h-73.143c-20 0-36.571-16.571-36.571-36.571v-387.429c-1.714 4-4 7.429-7.429 10.857z"
        ],
        "width": 585.1428571428571,
        "attrs": [],
        "isMulticolor": false,
        "isMulticolor2": false,
        "tags": [
          "step-forward"
        ],
        "defaultCode": 61521,
        "grid": 14
      },
      "attrs": [],
      "properties": {
        "name": "step-forward",
        "id": 80,
        "order": 54,
        "prevSize": 28
      },
      "setIdx": 2,
      "setId": 3,
      "iconIdx": 80
    },
    {
      "icon": {
        "paths": [
          "M380.571 274.857c-32 49.143-55.429 102.286-78.286 156-33.143-69.143-69.714-138.286-156-138.286h-128c-10.286 0-18.286-8-18.286-18.286v-109.714c0-10.286 8-18.286 18.286-18.286h128c101.714 0 176.571 47.429 234.286 128.571zM1024 731.429c0 4.571-1.714 9.714-5.143 13.143l-182.857 182.857c-3.429 3.429-8.571 5.143-13.143 5.143-9.714 0-18.286-8.571-18.286-18.286v-109.714c-169.714 0-274.286 20-380-128.571 31.429-49.143 54.857-102.286 77.714-156 33.143 69.143 69.714 138.286 156 138.286h146.286v-109.714c0-10.286 8-18.286 18.286-18.286 5.143 0 9.714 2.286 13.714 5.714l182.286 182.286c3.429 3.429 5.143 8.571 5.143 13.143zM1024 219.429c0 4.571-1.714 9.714-5.143 13.143l-182.857 182.857c-3.429 3.429-8.571 5.143-13.143 5.143-9.714 0-18.286-8-18.286-18.286v-109.714h-146.286c-76 0-112 52-144 113.714-16.571 32-30.857 65.143-44.571 97.714-63.429 147.429-137.714 300.571-323.429 300.571h-128c-10.286 0-18.286-8-18.286-18.286v-109.714c0-10.286 8-18.286 18.286-18.286h128c76 0 112-52 144-113.714 16.571-32 30.857-65.143 44.571-97.714 63.429-147.429 137.714-300.571 323.429-300.571h146.286v-109.714c0-10.286 8-18.286 18.286-18.286 5.143 0 9.714 2.286 13.714 5.714l182.286 182.286c3.429 3.429 5.143 8.571 5.143 13.143z"
        ],
        "width": 1024,
        "attrs": [],
        "isMulticolor": false,
        "isMulticolor2": false,
        "tags": [
          "random"
        ],
        "defaultCode": 61556,
        "grid": 14
      },
      "attrs": [],
      "properties": {
        "name": "random",
        "id": 110,
        "order": 44,
        "prevSize": 28
      },
      "setIdx": 2,
      "setId": 3,
      "iconIdx": 110
    },
    {
      "icon": {
        "paths": [
          "M832 694.857c0-14.857-5.714-28.571-16-38.857l-118.857-118.857c-10.286-10.286-24.571-16-38.857-16-16.571 0-29.714 6.286-41.143 18.286 18.857 18.857 41.143 34.857 41.143 64 0 30.286-24.571 54.857-54.857 54.857-29.143 0-45.143-22.286-64-41.143-12 11.429-18.857 24.571-18.857 41.714 0 14.286 5.714 28.571 16 38.857l117.714 118.286c10.286 10.286 24.571 15.429 38.857 15.429s28.571-5.143 38.857-14.857l84-83.429c10.286-10.286 16-24 16-38.286zM430.286 292c0-14.286-5.714-28.571-16-38.857l-117.714-118.286c-10.286-10.286-24.571-16-38.857-16s-28.571 5.714-38.857 15.429l-84 83.429c-10.286 10.286-16 24-16 38.286 0 14.857 5.714 28.571 16 38.857l118.857 118.857c10.286 10.286 24.571 15.429 38.857 15.429 16.571 0 29.714-5.714 41.143-17.714-18.857-18.857-41.143-34.857-41.143-64 0-30.286 24.571-54.857 54.857-54.857 29.143 0 45.143 22.286 64 41.143 12-11.429 18.857-24.571 18.857-41.714zM941.714 694.857c0 43.429-17.714 85.714-48.571 116l-84 83.429c-30.857 30.857-72.571 47.429-116 47.429-44 0-85.714-17.143-116.571-48.571l-117.714-118.286c-30.857-30.857-47.429-72.571-47.429-116 0-45.143 18.286-88 50.286-119.429l-50.286-50.286c-31.429 32-73.714 50.286-118.857 50.286-43.429 0-85.714-17.143-116.571-48l-118.857-118.857c-31.429-31.429-48-72.571-48-116.571 0-43.429 17.714-85.714 48.571-116l84-83.429c30.857-30.857 72.571-47.429 116-47.429 44 0 85.714 17.143 116.571 48.571l117.714 118.286c30.857 30.857 47.429 72.571 47.429 116 0 45.143-18.286 88-50.286 119.429l50.286 50.286c31.429-32 73.714-50.286 118.857-50.286 43.429 0 85.714 17.143 116.571 48l118.857 118.857c31.429 31.429 48 72.571 48 116.571z"
        ],
        "width": 950.8571428571428,
        "attrs": [],
        "isMulticolor": false,
        "isMulticolor2": false,
        "tags": [
          "chain",
          "link"
        ],
        "defaultCode": 61633,
        "grid": 14
      },
      "attrs": [],
      "properties": {
        "name": "chain, link",
        "id": 170,
        "order": 78,
        "prevSize": 28
      },
      "setIdx": 2,
      "setId": 3,
      "iconIdx": 170
    },
    {
      "icon": {
        "paths": [
          "M475.429 621.714v-73.143c0-10.286-8-18.286-18.286-18.286h-109.714v-109.714c0-10.286-8-18.286-18.286-18.286h-73.143c-10.286 0-18.286 8-18.286 18.286v109.714h-109.714c-10.286 0-18.286 8-18.286 18.286v73.143c0 10.286 8 18.286 18.286 18.286h109.714v109.714c0 10.286 8 18.286 18.286 18.286h73.143c10.286 0 18.286-8 18.286-18.286v-109.714h109.714c10.286 0 18.286-8 18.286-18.286zM804.571 658.286c0-40.571-32.571-73.143-73.143-73.143s-73.143 32.571-73.143 73.143 32.571 73.143 73.143 73.143 73.143-32.571 73.143-73.143zM950.857 512c0-40.571-32.571-73.143-73.143-73.143s-73.143 32.571-73.143 73.143 32.571 73.143 73.143 73.143 73.143-32.571 73.143-73.143zM1097.143 585.143c0 161.714-130.857 292.571-292.571 292.571-74.286 0-141.714-28-193.143-73.143h-125.714c-51.429 45.143-118.857 73.143-193.143 73.143-161.714 0-292.571-130.857-292.571-292.571s130.857-292.571 292.571-292.571h512c161.714 0 292.571 130.857 292.571 292.571z"
        ],
        "width": 1097.142857142857,
        "attrs": [],
        "isMulticolor": false,
        "isMulticolor2": false,
        "tags": [
          "gamepad"
        ],
        "defaultCode": 61723,
        "grid": 14
      },
      "attrs": [],
      "properties": {
        "name": "gamepad",
        "id": 253,
        "order": 79,
        "prevSize": 28
      },
      "setIdx": 2,
      "setId": 3,
      "iconIdx": 253
    },
    {
      "icon": {
        "paths": [
          "M201.143 804.571v73.143h-201.143v-73.143h201.143zM402.286 731.429c20 0 36.571 16.571 36.571 36.571v146.286c0 20-16.571 36.571-36.571 36.571h-146.286c-20 0-36.571-16.571-36.571-36.571v-146.286c0-20 16.571-36.571 36.571-36.571h146.286zM493.714 512v73.143h-493.714v-73.143h493.714zM128 219.429v73.143h-128v-73.143h128zM877.714 804.571v73.143h-420.571v-73.143h420.571zM329.143 146.286c20 0 36.571 16.571 36.571 36.571v146.286c0 20-16.571 36.571-36.571 36.571h-146.286c-20 0-36.571-16.571-36.571-36.571v-146.286c0-20 16.571-36.571 36.571-36.571h146.286zM694.857 438.857c20 0 36.571 16.571 36.571 36.571v146.286c0 20-16.571 36.571-36.571 36.571h-146.286c-20 0-36.571-16.571-36.571-36.571v-146.286c0-20 16.571-36.571 36.571-36.571h146.286zM877.714 512v73.143h-128v-73.143h128zM877.714 219.429v73.143h-493.714v-73.143h493.714z"
        ],
        "width": 877.7142857142857,
        "attrs": [],
        "isMulticolor": false,
        "isMulticolor2": false,
        "tags": [
          "sliders"
        ],
        "defaultCode": 61918,
        "grid": 14
      },
      "attrs": [],
      "properties": {
        "name": "sliders",
        "id": 435,
        "order": 82,
        "prevSize": 28
      },
      "setIdx": 2,
      "setId": 3,
      "iconIdx": 435
    },
    {
      "icon": {
        "paths": [
          "M292.571 786.286v-402.286c0-10.286-8-18.286-18.286-18.286h-36.571c-10.286 0-18.286 8-18.286 18.286v402.286c0 10.286 8 18.286 18.286 18.286h36.571c10.286 0 18.286-8 18.286-18.286zM438.857 786.286v-402.286c0-10.286-8-18.286-18.286-18.286h-36.571c-10.286 0-18.286 8-18.286 18.286v402.286c0 10.286 8 18.286 18.286 18.286h36.571c10.286 0 18.286-8 18.286-18.286zM585.143 786.286v-402.286c0-10.286-8-18.286-18.286-18.286h-36.571c-10.286 0-18.286 8-18.286 18.286v402.286c0 10.286 8 18.286 18.286 18.286h36.571c10.286 0 18.286-8 18.286-18.286zM274.286 219.429h256l-27.429-66.857c-1.714-2.286-6.857-5.714-9.714-6.286h-181.143c-3.429 0.571-8 4-9.714 6.286zM804.571 237.714v36.571c0 10.286-8 18.286-18.286 18.286h-54.857v541.714c0 62.857-41.143 116.571-91.429 116.571h-475.429c-50.286 0-91.429-51.429-91.429-114.286v-544h-54.857c-10.286 0-18.286-8-18.286-18.286v-36.571c0-10.286 8-18.286 18.286-18.286h176.571l40-95.429c11.429-28 45.714-50.857 76-50.857h182.857c30.286 0 64.571 22.857 76 50.857l40 95.429h176.571c10.286 0 18.286 8 18.286 18.286z"
        ],
        "width": 804.5714285714286,
        "attrs": [],
        "isMulticolor": false,
        "isMulticolor2": false,
        "tags": [
          "trash"
        ],
        "defaultCode": 61944,
        "grid": 14
      },
      "attrs": [],
      "properties": {
        "name": "trash",
        "id": 459,
        "order": 83,
        "prevSize": 28
      },
      "setIdx": 2,
      "setId": 3,
      "iconIdx": 459
    },
    {
      "icon": {
        "paths": [
          "M658.286 512c0-161.143-131.429-292.571-292.571-292.571s-292.571 131.429-292.571 292.571 131.429 292.571 292.571 292.571 292.571-131.429 292.571-292.571zM1097.143 512c0-161.143-131.429-292.571-292.571-292.571h-220.571c89.143 66.857 147.429 173.143 147.429 292.571s-58.286 225.714-147.429 292.571h220.571c161.143 0 292.571-131.429 292.571-292.571zM1170.286 512c0 201.714-164 365.714-365.714 365.714h-438.857c-201.714 0-365.714-164-365.714-365.714s164-365.714 365.714-365.714h438.857c201.714 0 365.714 164 365.714 365.714z"
        ],
        "width": 1170.2857142857142,
        "attrs": [],
        "isMulticolor": false,
        "isMulticolor2": false,
        "tags": [
          "toggle-off"
        ],
        "defaultCode": 61956,
        "grid": 14
      },
      "attrs": [],
      "properties": {
        "name": "toggle-off",
        "id": 470,
        "order": 88,
        "prevSize": 28
      },
      "setIdx": 2,
      "setId": 3,
      "iconIdx": 470
    },
    {
      "icon": {
        "paths": [
          "M0 512c0-201.714 164-365.714 365.714-365.714h438.857c201.714 0 365.714 164 365.714 365.714s-164 365.714-365.714 365.714h-438.857c-201.714 0-365.714-164-365.714-365.714zM804.571 804.571c161.143 0 292.571-131.429 292.571-292.571s-131.429-292.571-292.571-292.571-292.571 131.429-292.571 292.571 131.429 292.571 292.571 292.571z"
        ],
        "width": 1170.2857142857142,
        "attrs": [],
        "isMulticolor": false,
        "isMulticolor2": false,
        "tags": [
          "toggle-on"
        ],
        "defaultCode": 61957,
        "grid": 14
      },
      "attrs": [],
      "properties": {
        "name": "toggle-on",
        "id": 471,
        "order": 87,
        "prevSize": 28
      },
      "setIdx": 2,
      "setId": 3,
      "iconIdx": 471
    },
    {
      "icon": {
        "paths": [
          "M810.667 128h-85.333v-42.667c0-25.6-17.067-42.667-42.667-42.667s-42.667 17.067-42.667 42.667v42.667h-256v-42.667c0-25.6-17.067-42.667-42.667-42.667s-42.667 17.067-42.667 42.667v42.667h-85.333c-72.533 0-128 55.467-128 128v597.333c0 72.533 55.467 128 128 128h597.333c72.533 0 128-55.467 128-128v-597.333c0-72.533-55.467-128-128-128zM213.333 213.333h85.333v42.667c0 25.6 17.067 42.667 42.667 42.667s42.667-17.067 42.667-42.667v-42.667h256v42.667c0 25.6 17.067 42.667 42.667 42.667s42.667-17.067 42.667-42.667v-42.667h85.333c25.6 0 42.667 17.067 42.667 42.667v128h-682.667v-128c0-25.6 17.067-42.667 42.667-42.667zM810.667 896h-597.333c-25.6 0-42.667-17.067-42.667-42.667v-384h682.667v384c0 25.6-17.067 42.667-42.667 42.667z"
        ],
        "attrs": [],
        "isMulticolor": false,
        "isMulticolor2": false,
        "tags": [
          "calendar"
        ],
        "grid": 24
      },
      "attrs": [],
      "properties": {
        "id": 40,
        "order": 60,
        "prevSize": 24,
        "name": "calendar"
      },
      "setIdx": 3,
      "setId": 2,
      "iconIdx": 39
    },
    {
      "icon": {
        "paths": [
          "M938.667 430.933c-25.6 0-42.667 17.067-42.667 42.667v38.4c0 213.333-170.667 384-384 384 0 0 0 0 0 0-213.333 0-384-170.667-384-384s170.667-384 384-384c0 0 0 0 0 0 55.467 0 106.667 12.8 157.867 34.133 21.333 8.533 46.933 0 55.467-21.333s0-46.933-21.333-55.467c-59.733-25.6-123.733-42.667-192-42.667 0 0 0 0 0 0-260.267 0-469.333 209.067-469.333 469.333s209.067 469.333 469.333 469.333c0 0 0 0 0 0 260.267 0 469.333-209.067 469.333-469.333v-38.4c0-25.6-17.067-42.667-42.667-42.667z",
          "M413.867 439.467c-17.067-17.067-42.667-17.067-59.733 0s-17.067 42.667 0 59.733l128 128c8.533 8.533 17.067 12.8 29.867 12.8s21.333-4.267 29.867-12.8l426.667-426.667c17.067-17.067 17.067-42.667 0-59.733s-42.667-17.067-59.733 0l-396.8 396.8-98.133-98.133z"
        ],
        "attrs": [],
        "isMulticolor": false,
        "isMulticolor2": false,
        "tags": [
          "check-circle"
        ],
        "grid": 24
      },
      "attrs": [],
      "properties": {
        "id": 45,
        "order": 86,
        "prevSize": 24,
        "name": "check-circle"
      },
      "setIdx": 3,
      "setId": 2,
      "iconIdx": 44
    },
    {
      "icon": {
        "paths": [
          "M797.867 354.133c-17.067-17.067-42.667-17.067-59.733 0l-226.133 226.133-226.133-226.133c-17.067-17.067-42.667-17.067-59.733 0s-17.067 42.667 0 59.733l256 256c8.533 8.533 21.333 12.8 29.867 12.8s21.333-4.267 29.867-12.8l256-256c17.067-17.067 17.067-42.667 0-59.733z"
        ],
        "attrs": [],
        "isMulticolor": false,
        "isMulticolor2": false,
        "tags": [
          "chevron-down"
        ],
        "grid": 24
      },
      "attrs": [],
      "properties": {
        "id": 47,
        "order": 63,
        "prevSize": 24,
        "name": "chevron-down"
      },
      "setIdx": 3,
      "setId": 2,
      "iconIdx": 46
    },
    {
      "icon": {
        "paths": [
          "M443.733 512l226.133-226.133c17.067-17.067 17.067-42.667 0-59.733s-42.667-17.067-59.733 0l-256 256c-17.067 17.067-17.067 42.667 0 59.733l256 256c8.533 8.533 21.333 12.8 29.867 12.8s21.333-4.267 29.867-12.8c17.067-17.067 17.067-42.667 0-59.733l-226.133-226.133z"
        ],
        "attrs": [],
        "isMulticolor": false,
        "isMulticolor2": false,
        "tags": [
          "chevron-left"
        ],
        "grid": 24
      },
      "attrs": [],
      "properties": {
        "id": 48,
        "order": 64,
        "prevSize": 24,
        "name": "chevron-left"
      },
      "setIdx": 3,
      "setId": 2,
      "iconIdx": 47
    },
    {
      "icon": {
        "paths": [
          "M669.867 482.133l-256-256c-17.067-17.067-42.667-17.067-59.733 0s-17.067 42.667 0 59.733l226.133 226.133-226.133 226.133c-17.067 17.067-17.067 42.667 0 59.733 8.533 8.533 17.067 12.8 29.867 12.8s21.333-4.267 29.867-12.8l256-256c17.067-17.067 17.067-42.667 0-59.733z"
        ],
        "attrs": [],
        "isMulticolor": false,
        "isMulticolor2": false,
        "tags": [
          "chevron-right"
        ],
        "grid": 24
      },
      "attrs": [],
      "properties": {
        "id": 49,
        "order": 65,
        "prevSize": 24,
        "name": "chevron-right"
      },
      "setIdx": 3,
      "setId": 2,
      "iconIdx": 48
    },
    {
      "icon": {
        "paths": [
          "M797.867 610.133l-256-256c-17.067-17.067-42.667-17.067-59.733 0l-256 256c-17.067 17.067-17.067 42.667 0 59.733s42.667 17.067 59.733 0l226.133-226.133 226.133 226.133c8.533 8.533 21.333 12.8 29.867 12.8s21.333-4.267 29.867-12.8c17.067-17.067 17.067-42.667 0-59.733z"
        ],
        "attrs": [],
        "isMulticolor": false,
        "isMulticolor2": false,
        "tags": [
          "chevron-up"
        ],
        "grid": 24
      },
      "attrs": [],
      "properties": {
        "id": 50,
        "order": 66,
        "prevSize": 24,
        "name": "chevron-up"
      },
      "setIdx": 3,
      "setId": 2,
      "iconIdx": 49
    },
    {
      "icon": {
        "paths": [
          "M512 42.667c-260.267 0-469.333 209.067-469.333 469.333s209.067 469.333 469.333 469.333 469.333-209.067 469.333-469.333-209.067-469.333-469.333-469.333zM512 896c-213.333 0-384-170.667-384-384s170.667-384 384-384c213.333 0 384 170.667 384 384s-170.667 384-384 384z",
          "M699.733 558.933l-145.067-72.533v-230.4c0-25.6-17.067-42.667-42.667-42.667s-42.667 17.067-42.667 42.667v256c0 17.067 8.533 29.867 25.6 38.4l170.667 85.333c4.267 4.267 8.533 4.267 17.067 4.267 17.067 0 29.867-8.533 38.4-25.6s0-42.667-21.333-55.467z"
        ],
        "attrs": [],
        "isMulticolor": false,
        "isMulticolor2": false,
        "tags": [
          "clock"
        ],
        "grid": 24
      },
      "attrs": [],
      "properties": {
        "id": 58,
        "order": 61,
        "prevSize": 24,
        "name": "clock"
      },
      "setIdx": 3,
      "setId": 2,
      "iconIdx": 57
    },
    {
      "icon": {
        "paths": [
          "M934.4 110.933c-4.267-8.533-12.8-17.067-21.333-21.333-4.267-4.267-12.8-4.267-17.067-4.267h-256c-25.6 0-42.667 17.067-42.667 42.667s17.067 42.667 42.667 42.667h153.6l-226.133 226.133c-17.067 17.067-17.067 42.667 0 59.733 8.533 8.533 21.333 12.8 29.867 12.8s21.333-4.267 29.867-12.8l226.133-226.133v153.6c0 25.6 17.067 42.667 42.667 42.667s42.667-17.067 42.667-42.667v-256c0-4.267 0-12.8-4.267-17.067z",
          "M396.8 567.467l-226.133 226.133v-153.6c0-25.6-17.067-42.667-42.667-42.667s-42.667 17.067-42.667 42.667v256c0 4.267 0 12.8 4.267 17.067 4.267 8.533 12.8 17.067 21.333 21.333 4.267 4.267 12.8 4.267 17.067 4.267h256c25.6 0 42.667-17.067 42.667-42.667s-17.067-42.667-42.667-42.667h-153.6l226.133-226.133c17.067-17.067 17.067-42.667 0-59.733s-42.667-17.067-59.733 0z"
        ],
        "attrs": [],
        "isMulticolor": false,
        "isMulticolor2": false,
        "tags": [
          "maximize-2"
        ],
        "grid": 24
      },
      "attrs": [],
      "properties": {
        "id": 143,
        "order": 71,
        "prevSize": 24,
        "name": "maximize-2"
      },
      "setIdx": 3,
      "setId": 2,
      "iconIdx": 142
    },
    {
      "icon": {
        "paths": [
          "M443.733 558.933c-4.267-4.267-12.8-4.267-17.067-4.267h-256c-25.6 0-42.667 17.067-42.667 42.667s17.067 42.667 42.667 42.667h153.6l-226.133 226.133c-17.067 17.067-17.067 42.667 0 59.733 8.533 8.533 17.067 12.8 29.867 12.8s21.333-4.267 29.867-12.8l226.133-226.133v153.6c0 25.6 17.067 42.667 42.667 42.667s42.667-17.067 42.667-42.667v-256c0-4.267 0-12.8-4.267-17.067-4.267-8.533-12.8-17.067-21.333-21.333z",
          "M925.867 98.133c-17.067-17.067-42.667-17.067-59.733 0l-226.133 226.133v-153.6c0-25.6-17.067-42.667-42.667-42.667s-42.667 17.067-42.667 42.667v256c0 4.267 0 12.8 4.267 17.067 4.267 8.533 12.8 17.067 21.333 21.333 4.267 4.267 12.8 4.267 17.067 4.267h256c25.6 0 42.667-17.067 42.667-42.667s-17.067-42.667-42.667-42.667h-153.6l226.133-226.133c17.067-17.067 17.067-42.667 0-59.733z"
        ],
        "attrs": [],
        "isMulticolor": false,
        "isMulticolor2": false,
        "tags": [
          "minimize-2"
        ],
        "grid": 24
      },
      "attrs": [],
      "properties": {
        "id": 150,
        "order": 70,
        "prevSize": 24,
        "name": "minimize-2"
      },
      "setIdx": 3,
      "setId": 2,
      "iconIdx": 149
    },
    {
      "icon": {
        "paths": [
          "M597.333 512c0 47.128-38.205 85.333-85.333 85.333s-85.333-38.205-85.333-85.333c0-47.128 38.205-85.333 85.333-85.333s85.333 38.205 85.333 85.333z",
          "M896 512c0 47.128-38.205 85.333-85.333 85.333s-85.333-38.205-85.333-85.333c0-47.128 38.205-85.333 85.333-85.333s85.333 38.205 85.333 85.333z",
          "M298.667 512c0 47.128-38.205 85.333-85.333 85.333s-85.333-38.205-85.333-85.333c0-47.128 38.205-85.333 85.333-85.333s85.333 38.205 85.333 85.333z"
        ],
        "attrs": [],
        "isMulticolor": false,
        "isMulticolor2": false,
        "tags": [
          "more-horizontal"
        ],
        "grid": 24
      },
      "attrs": [],
      "properties": {
        "id": 156,
        "order": 39,
        "prevSize": 24,
        "name": "more-horizontal"
      },
      "setIdx": 3,
      "setId": 2,
      "iconIdx": 155
    },
    {
      "icon": {
        "paths": [
          "M810.667 469.333h-256v-256c0-25.6-17.067-42.667-42.667-42.667s-42.667 17.067-42.667 42.667v256h-256c-25.6 0-42.667 17.067-42.667 42.667s17.067 42.667 42.667 42.667h256v256c0 25.6 17.067 42.667 42.667 42.667s42.667-17.067 42.667-42.667v-256h256c25.6 0 42.667-17.067 42.667-42.667s-17.067-42.667-42.667-42.667z"
        ],
        "attrs": [],
        "isMulticolor": false,
        "isMulticolor2": false,
        "tags": [
          "plus"
        ],
        "grid": 24
      },
      "attrs": [],
      "properties": {
        "id": 178,
        "order": 31,
        "prevSize": 24,
        "name": "plus"
      },
      "setIdx": 3,
      "setId": 2,
      "iconIdx": 177
    },
    {
      "icon": {
        "paths": [
          "M512 42.667c-260.267 0-469.333 209.067-469.333 469.333s209.067 469.333 469.333 469.333 469.333-209.067 469.333-469.333-209.067-469.333-469.333-469.333zM512 896c-213.333 0-384-170.667-384-384s170.667-384 384-384c213.333 0 384 170.667 384 384s-170.667 384-384 384z",
          "M682.667 469.333h-128v-128c0-25.6-17.067-42.667-42.667-42.667s-42.667 17.067-42.667 42.667v128h-128c-25.6 0-42.667 17.067-42.667 42.667s17.067 42.667 42.667 42.667h128v128c0 25.6 17.067 42.667 42.667 42.667s42.667-17.067 42.667-42.667v-128h128c25.6 0 42.667-17.067 42.667-42.667s-17.067-42.667-42.667-42.667z"
        ],
        "attrs": [],
        "isMulticolor": false,
        "isMulticolor2": false,
        "tags": [
          "plus-circle"
        ],
        "grid": 24
      },
      "attrs": [],
      "properties": {
        "id": 179,
        "order": 36,
        "prevSize": 24,
        "name": "plus-circle"
      },
      "setIdx": 3,
      "setId": 2,
      "iconIdx": 178
    },
    {
      "icon": {
        "paths": [
          "M128 512c25.6 0 42.667-17.067 42.667-42.667v-85.333c0-72.533 55.467-128 128-128h494.933l-98.133 98.133c-17.067 17.067-17.067 42.667 0 59.733 8.533 8.533 17.067 12.8 29.867 12.8s21.333-4.267 29.867-12.8l170.667-170.667c4.267-4.267 8.533-8.533 8.533-12.8 4.267-8.533 4.267-21.333 0-34.133-4.267-4.267-4.267-8.533-8.533-12.8l-170.667-170.667c-17.067-17.067-42.667-17.067-59.733 0s-17.067 42.667 0 59.733l98.133 98.133h-494.933c-119.467 0-213.333 93.867-213.333 213.333v85.333c0 25.6 17.067 42.667 42.667 42.667z",
          "M896 512c-25.6 0-42.667 17.067-42.667 42.667v85.333c0 72.533-55.467 128-128 128h-494.933l98.133-98.133c17.067-17.067 17.067-42.667 0-59.733s-42.667-17.067-59.733 0l-170.667 170.667c-4.267 4.267-8.533 8.533-8.533 12.8-4.267 8.533-4.267 21.333 0 34.133 4.267 4.267 4.267 8.533 8.533 12.8l170.667 170.667c8.533 8.533 17.067 12.8 29.867 12.8s21.333-4.267 29.867-12.8c17.067-17.067 17.067-42.667 0-59.733l-98.133-98.133h494.933c119.467 0 213.333-93.867 213.333-213.333v-85.333c0-25.6-17.067-42.667-42.667-42.667z"
        ],
        "attrs": [],
        "isMulticolor": false,
        "isMulticolor2": false,
        "tags": [
          "repeat"
        ],
        "grid": 24
      },
      "attrs": [],
      "properties": {
        "id": 187,
        "order": 37,
        "prevSize": 24,
        "name": "repeat"
      },
      "setIdx": 3,
      "setId": 2,
      "iconIdx": 186
    },
    {
      "icon": {
        "paths": [
          "M925.867 866.133l-157.867-157.867c51.2-64 85.333-149.333 85.333-238.933 0-213.333-170.667-384-384-384s-384 170.667-384 384c0 213.333 170.667 384 384 384 89.6 0 174.933-29.867 238.933-85.333l157.867 157.867c8.533 8.533 21.333 12.8 29.867 12.8s21.333-4.267 29.867-12.8c17.067-17.067 17.067-42.667 0-59.733zM170.667 469.333c0-166.4 132.267-298.667 298.667-298.667s298.667 132.267 298.667 298.667c0 81.067-34.133 157.867-85.333 209.067 0 0 0 0 0 0s0 0 0 0c-55.467 55.467-128 85.333-209.067 85.333-170.667 4.267-302.933-128-302.933-294.4z"
        ],
        "attrs": [],
        "isMulticolor": false,
        "isMulticolor2": false,
        "tags": [
          "search"
        ],
        "grid": 24
      },
      "attrs": [],
      "properties": {
        "id": 194,
        "order": 33,
        "prevSize": 24,
        "name": "search"
      },
      "setIdx": 3,
      "setId": 2,
      "iconIdx": 193
    },
    {
      "icon": {
        "paths": [
          "M942.933 392.533c-21.333-25.6-51.2-46.933-85.333-51.2-8.533 0-12.8 0-21.333 0h-196.267v-128c0-93.867-76.8-170.667-170.667-170.667-17.067 0-34.133 8.533-38.4 25.6l-157.867 358.4h-102.4c-72.533 0-128 55.467-128 128v298.667c0 72.533 55.467 128 128 128h610.133c0 0 0 0 0 0 64 0 115.2-46.933 128-106.667l59.733-384c4.267-34.133-4.267-68.267-25.6-98.133zM256 896h-85.333c-25.6 0-42.667-17.067-42.667-42.667v-298.667c0-25.6 17.067-42.667 42.667-42.667h85.333v384zM823.467 861.867c-4.267 21.333-21.333 34.133-42.667 34.133 0 0 0 0 0 0h-439.467v-418.133l153.6-345.6c34.133 12.8 59.733 42.667 59.733 81.067v170.667c0 25.6 17.067 42.667 42.667 42.667h243.2c4.267 0 4.267 0 8.533 0 12.8 0 21.333 8.533 29.867 17.067s8.533 21.333 8.533 29.867l-64 388.267z"
        ],
        "attrs": [],
        "isMulticolor": false,
        "isMulticolor2": false,
        "tags": [
          "thumbs-up"
        ],
        "grid": 24
      },
      "attrs": [],
      "properties": {
        "id": 225,
        "order": 73,
        "prevSize": 24,
        "name": "thumbs-up"
      },
      "setIdx": 3,
      "setId": 2,
      "iconIdx": 224
    },
    {
      "icon": {
        "paths": [
          "M992 384h-352v-352c0-17.672-14.328-32-32-32h-192c-17.672 0-32 14.328-32 32v352h-352c-17.672 0-32 14.328-32 32v192c0 17.672 14.328 32 32 32h352v352c0 17.672 14.328 32 32 32h192c17.672 0 32-14.328 32-32v-352h352c17.672 0 32-14.328 32-32v-192c0-17.672-14.328-32-32-32z"
        ],
        "tags": [
          "plus",
          "add",
          "sum"
        ],
        "defaultCode": 59914,
        "grid": 16,
        "attrs": []
      },
      "attrs": [],
      "properties": {
        "ligatures": "plus, add",
        "name": "plus2",
        "order": 55,
        "id": 267,
        "prevSize": 32
      },
      "setIdx": 4,
      "setId": 1,
      "iconIdx": 266
    },
    {
      "icon": {
        "paths": [
          "M864 128l-480 480-224-224-160 160 384 384 640-640z"
        ],
        "tags": [
          "checkmark",
          "tick",
          "correct",
          "accept",
          "ok"
        ],
        "defaultCode": 59920,
        "grid": 16,
        "attrs": []
      },
      "attrs": [],
      "properties": {
        "ligatures": "checkmark, tick",
        "name": "checkmark",
        "order": 14,
        "id": 273,
        "prevSize": 32
      },
      "setIdx": 4,
      "setId": 1,
      "iconIdx": 272
    },
    {
      "icon": {
        "paths": [
          "M512 0c-282.77 0-512 229.23-512 512s229.23 512 512 512 512-229.23 512-512-229.23-512-512-512zM512 928c-229.75 0-416-186.25-416-416s186.25-416 416-416 416 186.25 416 416-186.25 416-416 416zM384 288l384 224-384 224z"
        ],
        "tags": [
          "play",
          "player"
        ],
        "defaultCode": 59925,
        "grid": 16,
        "attrs": []
      },
      "attrs": [],
      "properties": {
        "ligatures": "play2, player",
        "name": "play2",
        "order": 57,
        "id": 278,
        "prevSize": 32
      },
      "setIdx": 4,
      "setId": 1,
      "iconIdx": 277
    },
    {
      "icon": {
        "paths": [
          "M512 0c-282.77 0-512 229.23-512 512s229.23 512 512 512 512-229.23 512-512-229.23-512-512-512zM512 928c-229.75 0-416-186.25-416-416s186.25-416 416-416 416 186.25 416 416-186.25 416-416 416zM320 320h128v384h-128zM576 320h128v384h-128z"
        ],
        "tags": [
          "pause",
          "player"
        ],
        "defaultCode": 59926,
        "grid": 16,
        "attrs": []
      },
      "attrs": [],
      "properties": {
        "ligatures": "pause, player2",
        "name": "pause2",
        "order": 56,
        "id": 279,
        "prevSize": 32
      },
      "setIdx": 4,
      "setId": 1,
      "iconIdx": 278
    },
    {
      "icon": {
        "paths": [
          "M192 128l640 384-640 384z"
        ],
        "tags": [
          "play",
          "player"
        ],
        "defaultCode": 59932,
        "grid": 16,
        "attrs": []
      },
      "attrs": [],
      "properties": {
        "ligatures": "play3, player8",
        "name": "play3",
        "order": 42,
        "id": 285,
        "prevSize": 32
      },
      "setIdx": 4,
      "setId": 1,
      "iconIdx": 284
    },
    {
      "icon": {
        "paths": [
          "M128 128h320v768h-320zM576 128h320v768h-320z"
        ],
        "tags": [
          "pause",
          "player"
        ],
        "defaultCode": 59933,
        "grid": 16,
        "attrs": []
      },
      "attrs": [],
      "properties": {
        "ligatures": "pause2, player9",
        "name": "pause22",
        "order": 43,
        "id": 286,
        "prevSize": 32
      },
      "setIdx": 4,
      "setId": 1,
      "iconIdx": 285
    },
    {
      "icon": {
        "width": 1088,
        "paths": [
          "M890.040 922.040c-12.286 0-24.566-4.686-33.942-14.056-18.744-18.746-18.744-49.136 0-67.882 87.638-87.642 135.904-204.16 135.904-328.1 0-123.938-48.266-240.458-135.904-328.098-18.744-18.746-18.744-49.138 0-67.882s49.138-18.744 67.882 0c105.77 105.772 164.022 246.4 164.022 395.98s-58.252 290.208-164.022 395.98c-9.372 9.372-21.656 14.058-33.94 14.058zM719.53 831.53c-12.286 0-24.566-4.686-33.942-14.056-18.744-18.744-18.744-49.136 0-67.882 131.006-131.006 131.006-344.17 0-475.176-18.744-18.746-18.744-49.138 0-67.882 18.744-18.742 49.138-18.744 67.882 0 81.594 81.59 126.53 190.074 126.53 305.466 0 115.39-44.936 223.876-126.53 305.47-9.372 9.374-21.656 14.060-33.94 14.060v0zM549.020 741.020c-12.286 0-24.568-4.686-33.942-14.058-18.746-18.746-18.746-49.134 0-67.88 81.1-81.1 81.1-213.058 0-294.156-18.746-18.746-18.746-49.138 0-67.882s49.136-18.744 67.882 0c118.53 118.53 118.53 311.392 0 429.922-9.372 9.368-21.656 14.054-33.94 14.054z",
          "M416.006 960c-8.328 0-16.512-3.25-22.634-9.374l-246.626-246.626h-114.746c-17.672 0-32-14.326-32-32v-320c0-17.672 14.328-32 32-32h114.746l246.626-246.628c9.154-9.154 22.916-11.89 34.874-6.936 11.958 4.952 19.754 16.622 19.754 29.564v832c0 12.944-7.796 24.612-19.754 29.564-3.958 1.64-8.118 2.436-12.24 2.436z"
        ],
        "tags": [
          "volume-high",
          "volume",
          "audio",
          "speaker",
          "player"
        ],
        "defaultCode": 59942,
        "grid": 16,
        "attrs": []
      },
      "attrs": [],
      "properties": {
        "ligatures": "volume-high, volume",
        "name": "volume-high",
        "order": 19,
        "id": 295,
        "prevSize": 32
      },
      "setIdx": 4,
      "setId": 1,
      "iconIdx": 294
    },
    {
      "icon": {
        "paths": [
          "M719.53 831.53c-12.286 0-24.566-4.686-33.942-14.056-18.744-18.744-18.744-49.136 0-67.882 131.006-131.006 131.006-344.17 0-475.176-18.744-18.746-18.744-49.138 0-67.882 18.744-18.742 49.138-18.744 67.882 0 81.594 81.59 126.53 190.074 126.53 305.466 0 115.39-44.936 223.876-126.53 305.47-9.372 9.374-21.656 14.060-33.94 14.060v0zM549.020 741.020c-12.286 0-24.566-4.686-33.942-14.058-18.746-18.746-18.746-49.134 0-67.88 81.1-81.1 81.1-213.058 0-294.156-18.746-18.746-18.746-49.138 0-67.882s49.136-18.744 67.882 0c118.53 118.53 118.53 311.392 0 429.922-9.372 9.368-21.656 14.054-33.94 14.054z",
          "M416.006 960c-8.328 0-16.512-3.25-22.634-9.374l-246.626-246.626h-114.746c-17.672 0-32-14.326-32-32v-320c0-17.672 14.328-32 32-32h114.746l246.626-246.628c9.154-9.154 22.916-11.89 34.874-6.936 11.958 4.952 19.754 16.622 19.754 29.564v832c0 12.944-7.796 24.612-19.754 29.564-3.958 1.64-8.118 2.436-12.24 2.436z"
        ],
        "tags": [
          "volume-medium",
          "volume",
          "audio",
          "speaker",
          "player"
        ],
        "defaultCode": 59943,
        "grid": 16,
        "attrs": []
      },
      "attrs": [],
      "properties": {
        "ligatures": "volume-medium, volume2",
        "name": "volume-medium",
        "order": 18,
        "id": 296,
        "prevSize": 32
      },
      "setIdx": 4,
      "setId": 1,
      "iconIdx": 295
    },
    {
      "icon": {
        "paths": [
          "M549.020 741.020c-12.286 0-24.566-4.686-33.942-14.058-18.746-18.746-18.746-49.134 0-67.88 81.1-81.1 81.1-213.058 0-294.156-18.746-18.746-18.746-49.138 0-67.882s49.136-18.744 67.882 0c118.53 118.53 118.53 311.392 0 429.922-9.372 9.368-21.656 14.054-33.94 14.054z",
          "M416.006 960c-8.328 0-16.512-3.25-22.634-9.374l-246.626-246.626h-114.746c-17.672 0-32-14.326-32-32v-320c0-17.672 14.328-32 32-32h114.746l246.626-246.628c9.154-9.154 22.916-11.89 34.874-6.936 11.958 4.952 19.754 16.622 19.754 29.564v832c0 12.944-7.796 24.612-19.754 29.564-3.958 1.64-8.118 2.436-12.24 2.436z"
        ],
        "tags": [
          "volume-low",
          "volume",
          "audio",
          "speaker",
          "player"
        ],
        "defaultCode": 59944,
        "grid": 16,
        "attrs": []
      },
      "attrs": [],
      "properties": {
        "ligatures": "volume-low, volume3",
        "name": "volume-low",
        "order": 17,
        "id": 297,
        "prevSize": 32
      },
      "setIdx": 4,
      "setId": 1,
      "iconIdx": 296
    },
    {
      "icon": {
        "paths": [
          "M416.006 960c-8.328 0-16.512-3.25-22.634-9.374l-246.626-246.626h-114.746c-17.672 0-32-14.326-32-32v-320c0-17.672 14.328-32 32-32h114.746l246.626-246.628c9.154-9.154 22.916-11.89 34.874-6.936 11.958 4.952 19.754 16.622 19.754 29.564v832c0 12.944-7.796 24.612-19.754 29.564-3.958 1.64-8.118 2.436-12.24 2.436z"
        ],
        "tags": [
          "volume-mute",
          "volume",
          "audio",
          "speaker",
          "player"
        ],
        "defaultCode": 59945,
        "grid": 16,
        "attrs": []
      },
      "attrs": [],
      "properties": {
        "ligatures": "volume-mute, volume4",
        "name": "volume-mute",
        "order": 35,
        "id": 298,
        "prevSize": 32
      },
      "setIdx": 4,
      "setId": 1,
      "iconIdx": 297
    },
    {
      "icon": {
        "paths": [
          "M960 619.148v84.852h-84.852l-107.148-107.148-107.148 107.148h-84.852v-84.852l107.148-107.148-107.148-107.148v-84.852h84.852l107.148 107.148 107.148-107.148h84.852v84.852l-107.148 107.148 107.148 107.148z",
          "M416.006 960c-8.328 0-16.512-3.25-22.634-9.374l-246.626-246.626h-114.746c-17.672 0-32-14.326-32-32v-320c0-17.672 14.328-32 32-32h114.746l246.626-246.628c9.154-9.154 22.916-11.89 34.874-6.936 11.958 4.952 19.754 16.622 19.754 29.564v832c0 12.944-7.796 24.612-19.754 29.564-3.958 1.64-8.118 2.436-12.24 2.436z"
        ],
        "tags": [
          "volume-mute",
          "volume",
          "audio",
          "player"
        ],
        "defaultCode": 59946,
        "grid": 16,
        "attrs": []
      },
      "attrs": [],
      "properties": {
        "ligatures": "volume-mute2, volume5",
        "name": "volume-mute2",
        "order": 90,
        "id": 299,
        "prevSize": 32
      },
      "setIdx": 4,
      "setId": 1,
      "iconIdx": 298
    },
    {
      "icon": {
        "paths": [
          "M128 320h640v192l256-256-256-256v192h-768v384h128zM896 704h-640v-192l-256 256 256 256v-192h768v-384h-128z"
        ],
        "tags": [
          "loop",
          "repeat",
          "player"
        ],
        "defaultCode": 59949,
        "grid": 16,
        "attrs": []
      },
      "attrs": [],
      "properties": {
        "ligatures": "loop, repeat",
        "name": "loop",
        "order": 38,
        "id": 302,
        "prevSize": 32
      },
      "setIdx": 4,
      "setId": 1,
      "iconIdx": 301
    },
    {
      "icon": {
        "paths": [
          "M768 704h-101.49l-160-160 160-160h101.49v160l224-224-224-224v160h-128c-16.974 0-33.252 6.744-45.254 18.746l-178.746 178.744-178.746-178.746c-12-12-28.28-18.744-45.254-18.744h-192v128h165.49l160 160-160 160h-165.49v128h192c16.974 0 33.252-6.742 45.254-18.746l178.746-178.744 178.746 178.744c12.002 12.004 28.28 18.746 45.254 18.746h128v160l224-224-224-224v160z"
        ],
        "tags": [
          "shuffle",
          "random",
          "player"
        ],
        "defaultCode": 59952,
        "grid": 16,
        "attrs": []
      },
      "attrs": [],
      "properties": {
        "ligatures": "shuffle, random",
        "name": "shuffle",
        "order": 29,
        "id": 305,
        "prevSize": 32
      },
      "setIdx": 4,
      "setId": 1,
      "iconIdx": 304
    }
  ],
  "height": 1024,
  "preferences": {
    "showGlyphs": true,
    "showQuickUse": true,
    "showQuickUse2": true,
    "showSVGs": true,
    "fontPref": {
      "prefix": "icon-",
      "metadata": {
        "fontFamily": "icomoon"
      },
      "metrics": {
        "emSize": 1024,
        "baseline": 6.25,
        "whitespace": 50
      },
      "embed": false
    },
    "imagePref": {
      "prefix": "icon-",
      "png": false,
      "useClassSelector": true,
      "color": 0,
      "bgColor": 16777215,
      "classSelector": ".icon",
      "name": "icomoon",
      "height": 32,
      "columns": 16,
      "margin": 16
    },
    "historySize": 50,
    "showCodes": true,
    "gridSize": 16
  }
}